Vector,Model,Accuracy,F1_macro,time_s
Count,MultinomialNB,0.9198417655631896,0.9174620011494996,0.05119919776916504
Count,LogisticRegression,0.9104726212783677,0.9079616962848327,8.863123416900635
TFIDF,LinearSVC,0.9093275036435561,0.9068883234987118,0.8453798294067383
Count,LinearSVC,0.9064126587549448,0.9032322771043495,4.725500106811523
TFIDF,LogisticRegression,0.9002706641682282,0.8970813294695595,2.109997510910034
LSA,LinearSVC,0.8612325629814699,0.8569173752921078,4.231708526611328
LSA,LogisticRegression,0.84946908182386,0.8433483496031802,4.032500743865967
TFIDF,RandomForest,0.8306266916510514,0.8230623030256963,131.38642978668213
Count,RandomForest,0.8302102852383927,0.822949662568938,150.3901379108429
LSA,RandomForest,0.8235477826358526,0.8176601937028659,25.68566632270813
TFIDF,MultinomialNB,0.8310430980637101,0.8128514791182377,0.04067039489746094
Word2Vec_Spherical,LogisticRegression,0.2816989381636477,0.2499680031472511,5.56422758102417
Word2Vec_Spherical,LinearSVC,0.2807620237351655,0.24990972675513143,3.407244920730591
Word2Vec,LogisticRegression,0.2863835103060587,0.2486163884346879,4.230707406997681
Word2Vec,LinearSVC,0.28128253175098894,0.248297489009483,3.994328260421753
Word2Vec,RandomForest,0.27253799708515514,0.2455809732513719,25.757435083389282
Word2Vec_Spherical,RandomForest,0.27253799708515514,0.2455809732513719,27.63833212852478
