Vector,Model,Accuracy,F1_macro,time_s
Count,MultinomialNB,0.9357118815213733,0.9374402977817702,0.06077408790588379
Count,LogisticRegression,0.9151800740491417,0.9239859871988066,6.175926923751831
TFIDF,LinearSVC,0.9155166610568832,0.9224390878121991,0.4450819492340088
Count,LinearSVC,0.9057556378323797,0.9159708782725458,1.1677024364471436
TFIDF,LogisticRegression,0.9050824638168967,0.9098780733561984,1.5525295734405518
LSA,LinearSVC,0.8983507236620667,0.9082872427455747,1.1610548496246338
LSA,LogisticRegression,0.8825311342982161,0.8903924598995092,1.1950490474700928
LSA,RandomForest,0.8687310669808146,0.8793203716620512,7.500869035720825
TFIDF,RandomForest,0.855604173678896,0.8667497317792083,19.132662057876587
Count,RandomForest,0.849545607539549,0.8644433597841191,19.966668844223022
TFIDF,MultinomialNB,0.8209357118815214,0.7389563649863717,0.03151750564575195
Word2Vec,RandomForest,0.25345001682935037,0.200018722020726,7.63200044631958
Word2Vec_Spherical,RandomForest,0.25345001682935037,0.200018722020726,8.242043018341064
Word2Vec,LogisticRegression,0.2622012790306294,0.19960824878037292,1.4695489406585693
Word2Vec,LinearSVC,0.2554695388757994,0.19837835312252353,0.905968427658081
Word2Vec_Spherical,LogisticRegression,0.25479636486031637,0.1983276238628618,1.253830909729004
Word2Vec_Spherical,LinearSVC,0.25412319084483337,0.198294105773351,0.787524938583374
